﻿pos_x,pos_y,rotation,side,designator,mpn,pack,footprint,value,mount_type
133.985,-105.4985,-90.0,top,C1,,,CP_EIA-2012-12_Kemet-R_HandSolder,10uF,smt
133.985,-101.28,90.0,top,C2,,,C_0805_2012Metric_Pad1.18x1.45mm_HandSolder,100nF,smt
133.985,-97.155,0.0,top,J1,,,PinHeader_1x01_P2.54mm_Vertical,latch,tht
150.495,-81.68,0.0,top,J3,,,PinHeader_1x03_P2.54mm_Vertical,PGM,tht
128.905,-105.41,0.0,bottom,J4,,,PinHeader_1x10_P2.54mm_Vertical,bus,tht
143.51,-100.965,90.0,top,U1,,,SOIC-20W_7.5x12.8mm_P1.27mm,ATtiny1616-S,smt
139.7,-86.95,0.0,top,U2,,,HSN-3621,HSN-3621,tht
