﻿Designator,Quantity,Value,Footprint,Package,MPN,DNP,Mount_Type,Description
C1,1,10uF,CP_EIA-2012-12_Kemet-R_HandSolder,,,,smt,Polarized capacitor
C2,1,100nF,C_0805_2012Metric_Pad1.18x1.45mm_HandSolder,,,,smt,Unpolarized capacitor
J1,1,latch,PinHeader_1x01_P2.54mm_Vertical,,,,tht,"Generic connector, single row, 01x01, script generated (kicad-library-utils/schlib/autogen/connector/)"
J3,1,PGM,PinHeader_1x03_P2.54mm_Vertical,,,,tht,"Generic connector, single row, 01x03, script generated"
J4,1,bus,PinHeader_1x10_P2.54mm_Vertical,,,,tht,"Generic connector, single row, 01x10, script generated (kicad-library-utils/schlib/autogen/connector/)"
U1,1,ATtiny1616-S,SOIC-20W_7.5x12.8mm_P1.27mm,,,,smt,"20MHz, 16kB Flash, 2kB SRAM, 256B EEPROM, SOIC-20"
U2,1,HSN-3621,HSN-3621,,,,tht,Double 7 segment Blue LED common cathode SMD mount
